,JourneyCode,HolidayType,Price,NumberOfPersons,Region,Transportation,Duration,Season,Accommodation,Hotel
0,1,1,2498,2,27,2,14,3,2,0
1,2,1,3066,3,27,2,21,4,2,0
2,3,0,2778,2,27,2,14,5,2,1
3,4,1,3195,3,27,2,7,6,3,2
4,5,1,3158,2,27,2,14,8,3,2
5,6,0,3318,2,27,2,14,9,3,2
6,7,1,2458,2,27,2,14,5,4,3
7,8,0,2649,3,27,2,7,6,4,3
8,9,3,4638,2,27,2,21,3,4,4
9,10,3,3738,2,27,2,14,9,4,4
10,11,2,1978,2,14,2,7,3,3,5
11,12,2,1898,2,14,2,7,4,3,5
12,13,2,2158,2,14,2,14,5,3,5
13,14,2,1898,2,14,2,7,8,3,5
14,15,2,1154,1,14,2,7,9,3,6
15,16,2,2308,2,14,2,7,3,3,6
16,17,2,2658,2,14,2,7,4,3,6
17,18,2,1269,1,14,2,14,6,3,6
18,19,2,2608,2,14,2,7,4,5,7
19,20,2,2468,2,14,2,7,7,5,7
20,21,5,1568,2,9,0,14,4,2,8
21,22,0,798,3,9,0,7,5,2,8
22,23,5,978,3,9,0,7,6,3,9
23,24,5,978,2,9,0,7,7,3,9
24,25,0,1448,3,9,0,14,8,0,10
25,26,5,1638,4,9,0,14,5,0,10
26,27,5,1079,4,9,0,7,6,0,10
27,28,1,499,4,9,0,3,7,0,10
28,29,1,399,6,9,0,3,8,0,10
29,30,5,1928,2,9,3,14,6,3,9
30,31,1,1598,2,13,2,14,5,2,11
31,32,1,2043,3,13,2,14,6,2,12
32,33,1,1658,4,13,2,7,7,2,13
33,34,1,1558,2,13,2,7,6,3,14
34,35,0,1718,2,13,2,14,5,3,15
35,36,1,1383,3,13,2,7,7,3,16
36,37,1,3628,4,13,2,21,7,3,17
37,38,0,2739,3,13,2,14,6,4,18
38,39,1,2399,2,13,2,14,8,4,19
39,40,1,2273,3,11,0,14,7,0,20
40,41,1,1729,5,11,0,7,6,0,20
41,42,1,1389,4,11,0,7,6,0,20
42,43,5,968,6,11,0,14,3,0,20
43,44,5,489,6,11,0,7,4,0,20
44,45,5,489,6,11,0,7,8,0,20
45,46,1,2838,4,30,0,14,6,0,21
46,47,1,1399,6,30,0,7,7,0,21
47,48,5,958,6,30,0,14,8,0,21
48,49,5,579,3,30,0,7,5,0,22
49,50,5,789,5,30,0,7,4,0,22
50,51,5,2839,10,30,0,7,6,0,22
51,52,1,629,6,41,0,7,7,0,23
52,53,1,1598,4,41,0,14,6,0,23
53,54,5,429,8,41,0,7,8,0,23
54,55,5,648,2,2,0,7,5,2,24
55,56,7,972,4,2,0,7,6,2,25
56,57,5,1060,3,2,0,7,7,3,26
57,58,7,2110,3,2,3,14,6,3,26
58,59,0,1835,2,2,0,14,5,5,27
59,60,7,951,2,2,0,7,8,5,27
60,61,5,794,4,2,3,7,7,0,28
61,62,0,814,6,2,0,7,6,0,28
62,63,7,1568,4,2,0,14,5,0,28
63,64,7,644,4,2,0,7,6,0,28
64,65,5,648,2,3,0,7,5,2,29
65,66,7,2232,3,3,0,14,6,2,29
66,67,5,2082,4,3,0,7,7,3,30
67,68,5,5185,3,3,0,21,5,3,30
68,69,0,2368,2,3,3,14,8,3,30
69,70,5,3758,2,3,0,21,6,4,31
70,71,5,3135,3,3,0,14,7,4,31
71,72,7,3762,4,3,0,14,6,4,31
72,73,5,1254,4,3,0,7,5,0,32
73,74,5,814,6,3,3,7,7,0,32
74,75,5,1361,2,8,0,14,8,0,32
75,76,5,1618,4,8,0,14,4,0,32
76,77,5,1728,2,8,3,14,6,0,32
77,78,7,609,3,8,0,7,5,0,32
78,79,7,1069,6,8,0,7,7,0,32
79,80,7,684,4,8,0,7,8,0,32
80,81,0,1328,4,8,3,14,4,0,32
81,82,0,779,2,8,0,7,5,0,32
82,83,0,1639,5,8,0,7,6,0,32
83,84,7,944,8,8,0,7,7,0,32
84,85,7,758,2,29,0,7,5,2,33
85,86,7,758,3,29,0,7,6,2,33
86,87,5,1885,4,29,0,14,7,2,33
87,88,5,758,3,29,0,7,8,2,33
88,89,7,1828,2,29,0,14,4,3,34
89,90,7,918,2,29,3,7,6,3,34
90,91,7,2738,3,29,0,21,5,3,34
91,92,5,1828,3,29,0,14,8,3,35
92,93,5,918,2,29,0,7,4,3,35
93,94,7,1580,4,29,3,7,7,4,36
94,95,7,958,2,29,0,7,6,4,36
95,96,7,2385,3,29,0,14,5,4,36
96,97,5,1372,3,29,0,7,7,4,37
97,98,5,2188,2,29,0,14,8,4,37
98,99,0,1098,2,29,0,7,7,4,37
99,100,5,478,2,35,0,7,4,2,38
100,101,7,948,2,35,3,14,5,2,38
101,102,5,1072,3,35,0,7,6,3,39
102,103,5,1501,4,35,0,7,7,3,39
103,104,5,1868,2,35,0,14,8,3,39
104,105,7,1172,3,35,0,7,4,3,39
105,106,5,1888,2,35,0,7,5,5,40
106,107,5,1888,3,35,3,7,6,5,40
107,108,7,3768,2,35,0,14,4,5,40
108,109,5,484,2,35,0,7,7,0,41
109,110,5,374,4,35,0,7,8,0,41
110,111,5,589,3,35,0,7,5,0,41
111,112,7,719,4,35,3,7,6,0,41
112,113,7,1248,4,35,0,14,7,0,41
113,114,1,398,2,48,0,7,6,1,42
114,115,5,398,2,48,0,7,5,1,42
115,116,1,1348,3,48,0,7,6,2,43
116,117,1,1348,2,48,0,7,7,2,43
117,118,5,3228,2,48,0,14,4,2,44
118,119,5,1618,2,48,3,7,8,2,44
119,120,1,719,4,48,0,7,7,0,45
120,121,1,669,6,48,0,7,6,0,45
121,122,1,2108,4,48,0,14,7,0,45
122,123,5,579,4,48,3,7,5,0,45
123,124,5,664,5,48,0,7,6,0,45
124,125,5,1138,4,48,0,14,7,0,45
125,126,0,2198,3,48,0,14,8,0,45
126,127,5,1044,6,48,3,7,5,0,45
127,128,0,719,3,48,0,7,7,0,46
128,129,1,1828,2,7,0,14,6,2,47
129,130,1,918,3,7,0,7,7,2,47
130,131,5,918,2,7,0,7,5,2,48
131,132,5,1147,3,7,3,7,8,2,48
132,133,1,1047,3,7,0,7,6,3,49
133,134,1,2472,4,7,0,14,7,3,49
134,135,5,2226,3,7,0,14,5,3,50
135,136,1,1438,2,7,0,7,7,4,51
136,137,0,1797,3,7,0,7,6,4,51
137,138,1,1044,4,7,3,7,7,0,52
138,139,1,639,2,7,0,7,7,0,53
139,140,1,1818,2,7,0,14,6,0,54
140,141,5,539,4,7,0,7,5,0,52
141,142,5,709,6,7,0,7,4,0,52
142,143,0,994,4,7,3,14,6,0,52
143,144,7,547,3,10,0,7,4,2,55
144,145,5,868,2,10,0,14,5,2,55
145,146,7,907,3,10,0,7,6,3,56
146,147,7,698,2,10,0,14,7,3,56
147,148,7,738,2,10,3,7,8,3,57
148,149,5,922,3,10,0,7,7,3,57
149,150,7,3732,4,10,0,14,6,4,58
150,151,5,1138,2,10,0,7,5,4,58
151,152,7,449,2,10,3,7,4,0,59
152,153,7,459,5,10,0,7,5,0,59
153,154,7,1039,3,10,0,7,6,0,59
154,155,7,2538,3,10,0,14,7,0,59
155,156,5,1313,2,10,0,14,8,0,59
156,157,5,904,6,10,0,7,9,0,59
157,158,5,984,7,10,3,7,6,0,59
158,159,5,638,2,59,0,7,4,3,60
159,160,5,922,3,59,0,7,7,3,60
160,161,0,998,2,59,0,7,5,3,61
161,162,7,2588,3,59,0,14,6,3,61
162,163,7,1377,4,59,3,7,7,4,62
163,164,5,918,2,59,0,7,8,4,62
164,165,0,2285,3,59,0,14,7,4,62
165,166,5,2668,2,59,0,14,9,4,63
166,167,0,1497,3,59,0,7,7,4,63
167,168,0,2388,3,59,0,14,7,4,63
168,169,5,589,4,59,0,7,6,0,64
169,170,5,1128,4,59,3,14,5,0,64
170,171,5,589,4,59,0,7,4,0,64
171,172,5,1148,4,59,0,14,6,0,64
172,173,7,574,4,59,0,7,7,0,64
173,174,1,858,4,4,0,14,4,0,65
174,175,1,2078,4,4,0,14,5,0,65
175,176,1,4718,7,4,0,14,6,0,65
176,177,1,1698,4,4,0,14,7,0,65
177,178,1,649,6,4,0,7,8,0,65
178,179,1,394,3,4,0,7,5,0,65
179,180,1,1289,5,4,0,7,6,0,65
180,181,1,879,4,4,0,7,7,0,65
181,182,1,1347,3,4,0,21,4,0,65
182,183,0,838,5,4,0,14,5,0,65
183,184,0,1938,6,4,0,14,6,0,65
184,185,0,849,6,4,0,7,7,0,65
185,186,0,1204,8,4,0,7,5,0,65
186,187,5,2878,8,4,0,14,6,0,65
187,188,5,2187,2,4,0,21,7,0,65
188,189,1,519,2,21,0,7,3,0,66
189,190,1,479,3,21,0,7,4,0,66
190,191,1,829,7,21,0,7,5,0,66
191,192,1,1089,5,21,0,7,6,0,66
192,193,1,1029,5,21,0,7,7,0,66
193,194,1,799,6,21,0,7,8,0,66
194,195,1,449,4,21,3,7,9,0,66
195,196,1,1198,4,21,0,14,4,0,66
196,197,1,1108,4,21,3,14,5,0,66
197,198,1,4458,7,21,0,14,6,0,66
198,199,0,2678,3,21,0,14,7,0,66
199,200,0,1598,4,21,0,14,8,0,66
200,201,0,589,6,21,0,7,4,0,66
201,202,5,449,2,21,3,7,5,0,66
202,203,5,1838,3,21,0,14,6,0,66
203,204,1,1539,2,18,2,14,4,1,67
204,205,1,2469,3,18,2,14,5,1,68
205,206,1,5269,4,18,2,14,6,2,69
206,207,1,2249,3,18,2,21,5,2,70
207,208,1,1898,2,18,2,7,7,2,71
208,209,1,3522,4,18,2,7,6,2,69
209,210,1,3459,3,18,2,14,7,3,72
210,211,1,2539,2,18,2,14,8,3,73
211,212,1,5659,3,18,2,21,6,3,74
212,213,1,3298,2,18,2,14,5,3,75
213,214,0,2718,2,18,2,14,8,3,76
214,215,0,5678,3,18,2,21,7,3,76
215,216,0,2038,2,18,2,14,5,2,70
216,217,7,634,1,18,2,7,3,2,70
217,218,7,2578,2,18,2,14,4,3,76
218,219,1,659,4,47,0,7,5,0,77
219,220,1,709,2,47,0,7,6,0,77
220,221,0,809,4,47,0,7,7,0,77
221,222,0,1418,2,47,0,14,7,0,77
222,223,5,1618,4,47,0,14,6,0,77
223,224,1,689,4,12,0,7,5,0,78
224,225,1,1549,7,12,0,7,6,0,78
225,226,1,1064,5,12,0,7,7,0,78
226,227,1,519,4,12,0,7,8,0,78
227,228,0,1219,6,12,0,7,7,0,78
228,229,0,889,4,12,0,7,6,0,78
229,230,0,1268,4,12,0,14,5,0,78
230,231,5,2108,5,12,0,14,6,0,78
231,232,5,1258,4,12,0,14,7,0,78
232,233,5,1797,4,12,0,21,5,0,78
233,234,1,3485,3,5,2,14,4,4,79
234,235,1,2038,2,5,2,14,3,2,80
235,236,1,3129,4,5,2,7,8,3,81
236,237,1,2518,2,5,2,14,5,3,82
237,238,1,3215,3,5,2,14,6,3,83
238,239,1,4002,3,5,2,21,8,4,84
239,240,1,3216,4,5,2,7,7,3,82
240,241,1,1149,1,5,2,14,5,2,80
241,242,1,3658,2,5,2,14,6,4,79
242,243,1,3458,2,5,2,21,7,3,82
243,244,1,2742,3,5,2,14,6,2,80
244,245,5,2258,2,5,2,7,5,4,79
245,246,5,1169,1,5,2,14,8,3,83
246,247,5,3215,3,5,2,14,7,3,83
247,248,5,3378,2,5,2,21,4,4,79
248,249,1,2787,3,16,2,14,6,2,85
249,250,1,4673,4,16,2,14,7,3,86
250,251,1,2898,2,16,2,21,8,3,87
251,252,1,2538,2,16,2,14,5,3,88
252,253,1,2427,3,16,2,7,6,3,88
253,254,5,2358,2,16,2,14,4,3,88
254,255,5,2898,2,16,2,21,8,3,87
255,256,5,2398,2,16,2,14,5,3,87
256,257,0,3718,3,16,2,14,6,4,89
257,258,0,3299,3,16,2,7,7,4,90
258,259,0,3318,2,16,2,14,5,4,90
259,260,5,5329,4,16,2,14,6,4,91
260,261,5,3258,2,16,2,21,4,4,91
261,262,5,3038,2,16,2,14,8,4,91
262,263,3,2738,2,16,2,21,9,4,91
263,264,1,2831,3,17,2,14,5,2,92
264,265,1,3644,4,17,2,14,6,2,92
265,266,1,3258,2,17,2,21,8,3,93
266,267,1,3793,3,17,2,14,7,3,93
267,268,1,2779,3,17,2,7,7,3,93
268,269,1,2698,2,17,2,14,5,3,94
269,270,1,3649,3,17,2,21,8,3,94
270,271,1,3078,2,17,2,14,6,3,94
271,272,1,3198,2,17,2,14,8,3,95
272,273,0,3758,2,17,2,21,5,3,95
273,274,0,3198,3,17,2,14,7,3,95
274,275,0,2158,2,17,2,7,6,4,96
275,276,5,3418,2,17,2,21,5,4,96
276,277,5,3038,2,17,2,14,8,4,97
277,278,5,2043,3,17,2,7,4,4,97
278,279,1,2498,2,22,2,14,5,2,98
279,280,1,2417,3,22,2,14,6,2,99
280,281,0,2825,4,22,2,7,7,2,98
281,282,1,3498,2,22,2,14,8,3,100
282,283,1,4198,2,22,2,21,5,3,100
283,284,1,3847,3,22,2,14,7,3,100
284,285,1,3175,4,22,2,7,6,3,101
285,286,0,3038,2,22,2,14,8,3,101
286,287,0,2758,2,22,2,14,5,3,101
287,288,1,3198,2,22,2,14,5,4,102
288,289,1,2298,2,22,2,7,4,4,102
289,290,1,6609,3,22,2,21,6,4,103
290,291,0,4068,3,22,2,14,7,4,103
291,292,0,4463,3,22,2,21,5,4,104
292,293,3,3038,2,22,2,14,4,4,104
293,294,1,2263,3,50,2,14,4,2,105
294,295,1,2428,2,50,2,21,5,2,105
295,296,1,2263,3,50,2,7,6,3,106
296,297,1,3553,4,50,2,14,7,3,106
297,298,1,2791,3,50,2,14,6,3,106
298,299,5,1968,2,50,2,7,4,3,107
299,300,0,2758,2,50,2,14,5,3,107
300,301,0,4364,3,50,2,21,6,3,107
301,302,3,2478,2,50,2,14,9,3,107
302,303,1,3869,3,50,2,14,6,4,108
303,304,1,3958,2,50,2,21,8,4,108
304,305,1,4925,4,50,2,14,7,4,108
305,306,0,3498,2,50,2,14,6,4,109
306,307,5,2298,2,50,2,7,5,4,109
307,308,3,3098,2,50,2,14,8,4,109
308,309,3,2068,4,28,0,14,5,0,110
309,310,4,3582,6,28,0,21,6,0,110
310,311,4,2398,8,28,0,14,7,0,110
311,312,5,2298,7,28,0,14,8,0,110
312,313,5,3297,6,28,0,21,6,0,110
313,314,3,3208,8,38,0,14,7,0,111
314,315,4,2592,6,38,0,21,5,0,111
315,316,4,2048,7,38,0,14,6,0,111
316,317,5,2388,4,38,0,14,7,0,111
317,318,5,2457,8,38,0,21,8,0,111
318,319,3,2458,3,54,0,14,5,0,112
319,320,4,3282,2,54,0,21,6,0,112
320,321,4,3878,6,54,0,14,7,0,112
321,322,5,2738,2,54,0,14,8,0,112
322,323,5,2248,2,54,0,21,6,0,112
323,324,3,1808,5,64,0,14,5,0,113
324,325,4,3732,5,64,0,21,6,0,113
325,326,4,2628,6,64,0,14,7,0,113
326,327,5,1888,6,64,0,14,8,0,113
327,328,5,3297,6,64,0,21,6,0,113
328,329,1,1408,6,48,0,14,5,0,114
329,330,1,649,5,48,0,7,6,0,114
330,331,1,1478,3,48,0,14,7,0,114
331,332,0,1598,4,48,0,14,6,0,114
332,333,5,559,6,48,3,7,7,0,114
333,334,5,1198,3,48,3,14,8,0,114
334,335,0,514,5,48,1,7,5,0,114
335,336,1,474,5,48,0,3,5,0,114
336,337,1,539,4,48,0,3,4,0,114
337,338,1,329,6,48,0,3,5,0,114
338,339,0,3280,4,36,0,14,3,0,115
339,340,0,790,2,36,3,7,4,0,115
340,341,0,2620,4,36,3,14,5,0,115
341,342,0,1900,5,36,3,14,9,0,115
342,343,5,2760,4,36,3,14,6,0,115
343,344,5,1580,6,36,1,7,7,0,115
344,345,5,2468,2,36,1,14,8,0,115
345,346,5,2780,4,36,1,14,6,0,115
346,347,5,485,2,36,1,3,4,0,115
347,348,5,735,4,36,1,4,5,0,115
348,349,5,705,6,36,1,3,8,0,115
349,350,1,1438,2,0,0,14,5,2,116
350,351,1,1375,3,0,0,7,6,2,117
351,352,1,1547,4,0,0,14,7,2,116
352,353,1,1238,2,0,0,14,8,2,116
353,354,1,2311,3,0,0,14,7,2,117
354,355,0,1193,3,0,0,7,6,2,118
355,356,5,1758,2,0,0,21,4,2,118
356,357,1,1678,2,0,0,14,6,3,119
357,358,1,1349,4,0,0,7,7,3,119
358,359,5,1278,2,0,0,14,5,3,119
359,360,1,679,6,0,0,7,5,0,120
360,361,1,699,4,0,0,7,6,0,120
361,362,1,1139,5,0,0,7,7,0,120
362,363,1,439,6,0,0,14,8,0,120
363,364,1,598,2,0,0,14,4,0,120
364,365,1,1538,3,0,0,14,6,0,120
365,366,0,998,4,0,0,14,5,0,120
366,367,0,1359,8,0,0,7,7,0,120
367,368,5,798,3,0,0,14,8,0,120
368,369,5,399,6,0,0,7,5,0,120
369,370,5,1608,2,39,0,14,4,2,121
370,371,5,1838,2,39,0,14,5,2,122
371,372,5,1593,4,39,0,7,6,2,121
372,373,1,2897,3,39,0,14,7,3,123
373,374,0,1098,2,39,0,7,8,3,123
374,375,0,2897,3,39,0,14,5,3,124
375,376,7,5497,3,39,0,21,6,3,124
376,377,5,2118,2,39,0,14,8,4,125
377,378,5,3138,2,39,0,21,4,4,125
378,379,7,3678,3,39,0,14,6,4,126
379,380,5,798,4,39,0,14,4,0,127
380,381,5,1398,5,39,0,14,5,0,127
381,382,5,479,6,39,0,7,6,0,127
382,383,5,624,2,39,0,7,7,0,127
383,384,0,579,3,39,0,7,8,0,127
384,385,0,884,6,39,0,7,6,0,127
385,386,0,928,2,39,0,14,5,0,127
386,387,1,1099,3,39,0,7,7,0,127
387,388,7,599,4,39,0,7,8,0,127
388,389,7,1078,2,39,0,14,5,0,127
389,390,1,1178,2,51,0,14,6,1,128
390,391,1,622,3,51,0,7,7,1,128
391,392,5,648,2,51,0,7,3,2,129
392,393,5,1508,2,51,0,14,5,2,129
393,394,1,747,3,51,0,7,8,2,130
394,395,1,2222,4,51,0,14,6,2,130
395,396,1,869,5,51,0,7,6,0,131
396,397,1,484,3,51,0,7,7,0,131
397,398,1,599,2,51,0,14,8,0,131
398,399,1,2678,4,51,0,14,7,0,131
399,400,1,1738,3,51,0,14,6,0,131
400,401,5,429,6,51,0,7,5,0,131
401,402,5,1088,6,51,0,14,4,0,131
402,403,0,529,4,51,0,7,5,0,131
403,404,0,1588,2,51,0,14,6,0,131
404,405,7,1258,2,63,0,14,5,2,132
405,406,5,822,3,63,0,7,4,2,132
406,407,7,1499,3,63,0,14,6,3,133
407,408,7,718,2,63,0,7,8,3,133
408,409,5,1528,2,63,0,14,7,3,134
409,410,0,798,2,63,0,7,6,3,134
410,411,7,1479,3,63,0,7,5,4,135
411,412,7,2658,2,63,0,14,6,4,135
412,413,5,1997,4,63,0,7,8,4,136
413,414,5,2888,2,63,0,14,5,4,136
414,415,7,439,4,63,0,7,5,0,137
415,416,7,319,3,63,0,7,6,0,137
416,417,5,769,6,63,0,7,7,0,137
417,418,5,1398,4,63,0,14,8,0,137
418,419,0,559,4,63,0,7,4,0,137
419,420,4,2039,1,45,2,21,8,2,138
420,421,4,4078,2,45,2,21,6,2,138
421,422,4,1539,1,45,2,14,7,2,138
422,423,1,1598,2,45,2,14,5,2,139
423,424,4,2039,1,45,2,21,8,3,138
424,425,1,3637,3,45,2,14,6,3,140
425,426,1,4476,4,45,2,14,7,3,140
426,427,1,4729,3,45,2,21,6,3,140
427,428,0,3078,2,45,2,14,8,3,141
428,429,5,3518,2,45,2,21,4,3,141
429,430,1,4147,3,45,2,14,7,4,142
430,431,1,3978,2,45,2,21,5,4,142
431,432,0,3267,4,45,2,7,6,4,142
432,433,0,4391,3,45,2,14,7,4,143
433,434,5,3278,2,45,2,14,4,4,143
434,435,7,1008,2,15,0,14,4,2,144
435,436,7,538,3,15,0,7,5,2,144
436,437,5,1472,3,15,0,14,6,2,145
437,438,5,1438,2,15,0,21,7,2,145
438,439,7,1498,2,15,0,14,8,3,146
439,440,7,1326,5,15,0,7,7,3,147
440,441,7,1247,3,15,0,7,6,3,147
441,442,5,1058,2,15,0,7,5,3,148
442,443,5,1698,2,15,0,14,4,3,148
443,444,0,2572,3,15,0,14,6,3,146
444,445,7,499,4,15,0,7,4,0,149
445,446,7,1049,6,15,0,7,5,0,149
446,447,7,779,4,15,0,7,6,0,149
447,448,7,1858,3,15,0,14,7,0,149
448,449,5,1149,6,15,0,7,8,0,149
449,450,5,559,3,15,0,7,4,0,149
450,451,5,1073,2,15,0,14,5,0,149
451,452,5,1358,3,15,0,14,6,0,149
452,453,0,829,6,15,0,7,7,0,149
453,454,0,579,4,15,0,7,8,0,149
454,455,7,778,2,52,0,14,4,2,150
455,456,5,418,2,52,0,7,5,2,150
456,457,7,1572,3,52,0,14,6,3,151
457,458,0,837,4,52,0,7,7,3,151
458,459,7,718,2,52,0,7,8,3,152
459,460,5,2038,2,52,0,21,4,3,152
460,461,7,1538,3,52,0,14,5,4,153
461,462,5,2322,3,52,0,14,6,4,153
462,463,7,2127,4,52,0,7,7,4,154
463,464,0,2627,3,52,0,14,8,4,154
464,465,7,1798,2,52,0,7,6,5,155
465,466,5,1518,2,52,0,7,5,5,155
466,467,7,684,4,52,0,7,4,0,156
467,468,7,729,6,52,0,7,5,0,156
468,469,7,699,4,52,0,7,6,0,156
469,470,7,349,2,52,0,14,7,0,156
470,471,5,354,3,52,0,7,8,0,156
471,472,5,399,2,52,0,7,7,0,156
472,473,5,719,6,52,0,7,6,0,156
473,474,5,1223,4,52,0,14,5,0,156
474,475,0,484,3,52,0,7,6,0,156
475,476,0,1228,4,52,0,14,5,0,156
476,477,7,898,2,56,0,14,5,2,157
477,478,5,478,3,56,0,7,4,2,157
478,479,7,2372,3,56,0,14,6,3,158
479,480,7,1227,4,56,0,7,7,3,158
480,481,0,1578,2,56,0,14,8,3,158
481,482,7,847,3,56,0,7,4,4,159
482,483,5,678,2,56,0,7,5,4,159
483,484,7,379,2,56,0,7,6,0,160
484,485,7,369,4,56,0,7,7,0,160
485,486,7,708,2,56,0,14,8,0,160
486,487,5,569,6,56,0,7,7,0,160
487,488,5,379,4,56,0,7,6,0,160
488,489,5,429,4,56,0,7,5,0,160
489,490,5,348,2,56,0,14,4,0,160
490,491,0,909,4,56,0,7,6,0,160
491,492,7,548,2,63,0,7,4,1,161
492,493,7,685,3,63,0,7,5,1,161
493,494,7,897,4,63,0,7,6,2,162
494,495,7,2322,3,63,0,14,7,2,163
495,496,5,698,2,63,0,7,8,2,164
496,497,7,798,2,63,0,7,7,3,165
497,498,7,1808,2,63,0,14,6,3,165
498,499,5,1972,3,63,0,14,5,3,166
499,500,0,818,2,63,0,7,5,3,166
500,501,7,738,2,63,0,7,4,4,167
501,502,7,3267,4,63,0,14,6,4,168
502,503,5,1571,5,63,0,7,7,4,169
503,504,7,1198,2,63,0,7,8,5,170
504,505,5,1847,3,63,0,7,6,5,170
505,506,0,3098,3,63,0,14,7,5,171
506,507,7,449,3,63,0,7,4,0,172
507,508,7,654,5,63,0,7,5,0,172
508,509,7,539,4,63,0,7,6,0,172
509,510,7,609,5,63,0,7,7,0,172
510,511,7,484,2,63,0,7,8,0,172
511,512,7,789,6,63,0,7,7,0,172
512,513,7,838,3,63,0,14,6,0,172
513,514,7,728,2,63,0,14,5,0,172
514,515,5,729,5,63,0,7,4,0,172
515,516,5,849,6,63,0,7,5,0,172
516,517,5,494,3,63,0,7,6,0,172
517,518,5,599,5,63,0,7,7,0,172
518,519,5,688,2,63,0,14,8,0,172
519,520,0,789,7,63,0,7,5,0,172
520,521,0,1538,4,63,0,14,6,0,172
521,522,1,2518,2,1,2,14,4,2,173
522,523,1,2562,3,1,2,14,5,2,173
523,524,0,2371,3,1,2,7,6,2,173
524,525,1,3271,3,1,2,21,8,3,174
525,526,1,3398,2,1,2,14,7,3,174
526,527,1,2998,2,1,2,14,5,3,174
527,528,1,4253,4,1,2,7,6,3,175
528,529,1,3758,2,1,2,14,8,3,175
529,530,0,4885,3,1,2,14,5,3,175
530,531,0,3958,2,1,2,21,4,3,175
531,532,0,2678,2,1,2,7,6,3,176
532,533,5,3078,2,1,2,14,3,3,176
533,534,5,2158,2,1,2,7,9,3,176
534,535,1,3642,3,1,2,14,6,4,177
535,536,0,4533,4,1,2,14,7,4,177
536,537,1,3518,2,43,2,14,5,2,178
537,538,1,3440,3,43,2,14,6,2,178
538,539,1,4126,3,43,2,21,7,2,178
539,540,0,3518,2,43,2,14,8,2,178
540,541,1,3238,2,43,2,14,5,3,179
541,542,1,4091,4,43,2,7,6,3,179
542,543,1,4452,3,43,2,21,8,3,179
543,544,0,3598,2,43,2,14,7,3,180
544,545,0,4438,2,43,2,21,8,3,180
545,546,5,4318,2,43,2,21,4,3,180
546,547,5,3318,2,43,2,14,9,3,180
547,548,1,2922,3,43,2,7,6,4,181
548,549,1,5225,4,43,2,14,7,4,181
549,550,0,3989,2,43,2,14,5,4,182
550,551,0,3897,3,43,2,7,6,4,182
551,552,5,469,4,57,0,7,5,0,183
552,553,5,799,6,57,0,7,6,0,183
553,554,5,519,5,57,0,7,7,0,183
554,555,5,539,4,57,0,7,8,0,183
555,556,5,989,6,57,0,7,9,0,183
556,557,5,649,6,57,0,7,7,0,183
557,558,5,779,4,57,0,7,6,0,183
558,559,5,1578,4,57,0,14,5,0,183
559,560,5,1538,4,57,0,14,6,0,183
560,561,5,1318,4,57,0,14,7,0,183
561,562,5,1178,6,57,0,14,8,0,183
562,563,7,639,6,57,0,7,5,0,183
563,564,7,799,6,57,0,7,6,0,183
564,565,7,789,4,57,0,7,7,0,183
565,566,7,938,4,57,0,14,8,0,183
566,567,7,764,3,3,0,7,4,0,184
567,568,7,494,2,3,0,7,5,0,184
568,569,7,989,6,3,0,7,6,0,184
569,570,7,799,4,3,0,7,7,0,184
570,571,7,839,2,3,0,7,8,0,184
571,572,7,799,3,3,0,7,5,0,184
572,573,7,779,6,3,0,7,6,0,184
573,574,7,529,4,3,0,7,7,0,184
574,575,7,858,3,3,0,14,8,0,184
575,576,7,1303,4,3,0,14,5,0,184
576,577,7,738,6,3,0,14,4,0,184
577,578,7,908,2,3,0,14,6,0,184
578,579,5,729,3,3,0,7,4,0,184
579,580,5,779,6,3,0,7,5,0,184
580,581,5,519,4,3,0,7,6,0,184
581,582,5,1184,4,3,0,7,7,0,184
582,583,5,629,2,3,0,7,8,0,184
583,584,5,858,3,3,0,14,5,0,184
584,585,5,1298,4,3,0,14,6,0,184
585,586,5,1958,6,3,0,14,7,0,184
586,587,1,1317,4,19,0,7,7,2,185
587,588,1,2800,3,19,0,14,6,3,186
588,589,1,1058,2,19,0,7,7,4,187
589,590,1,3222,3,19,0,14,6,4,187
590,591,5,1014,10,19,0,7,4,0,188
591,592,5,539,4,19,0,14,5,0,188
592,593,0,1039,6,19,0,7,6,0,188
593,594,0,678,4,19,0,14,8,0,188
594,595,1,1039,8,19,0,7,5,0,188
595,596,1,2324,12,19,0,7,6,0,188
596,597,1,1229,2,19,0,7,7,0,188
597,598,1,789,5,19,0,7,8,0,188
598,599,1,649,3,19,0,7,6,0,188
599,600,1,1259,3,19,0,7,7,0,188
600,601,1,1038,4,19,0,14,5,0,188
601,602,1,1798,4,19,0,14,6,0,188
602,603,1,2038,8,19,0,14,8,0,188
603,604,1,1998,2,20,0,14,5,2,189
604,605,1,2550,3,20,0,14,6,2,189
605,606,0,2696,3,20,0,21,7,2,190
606,607,5,1558,2,20,0,7,8,2,190
607,608,1,2518,2,20,0,14,5,3,191
608,609,1,6971,4,20,0,21,7,3,191
609,610,1,3099,3,20,0,14,6,3,191
610,611,1,1738,2,20,0,7,6,3,192
611,612,0,2198,2,20,0,14,5,3,192
612,613,5,2360,3,20,0,14,4,3,192
613,614,1,2186,3,20,0,7,6,4,193
614,615,1,2418,2,20,0,14,5,4,193
615,616,1,3737,3,20,0,14,7,4,193
616,617,0,3048,2,20,0,21,8,4,194
617,618,5,3912,4,20,0,14,6,4,194
618,619,1,3528,2,32,2,14,4,3,195
619,620,1,4402,3,32,2,14,5,3,195
620,621,1,6357,3,32,2,21,6,3,195
621,622,1,3417,4,32,2,14,7,3,196
622,623,0,2598,2,32,2,14,8,3,196
623,624,0,2252,3,32,2,7,6,3,196
624,625,0,3678,2,32,2,14,7,3,197
625,626,5,3578,2,32,2,14,5,3,197
626,627,1,7161,3,32,2,21,5,4,198
627,628,1,5709,3,32,2,14,6,4,198
628,629,1,6369,4,32,2,14,7,4,198
629,630,1,3188,2,32,2,7,5,4,198
630,631,0,3428,2,32,2,14,8,4,199
631,632,0,4602,3,32,2,14,6,4,199
632,633,5,3188,2,32,2,14,4,4,199
633,634,1,2412,3,34,2,14,4,2,200
634,635,1,3125,3,34,2,21,6,2,200
635,636,1,2378,2,34,2,14,8,2,201
636,637,0,3177,4,34,2,14,7,2,201
637,638,1,2788,2,34,2,14,4,3,202
638,639,1,4100,3,34,2,21,5,3,202
639,640,1,2723,3,34,2,7,6,3,203
640,641,0,4261,3,34,2,14,7,3,204
641,642,0,3778,2,34,2,21,8,3,204
642,643,5,2508,2,34,2,7,7,3,204
643,644,1,3258,2,34,2,14,5,4,205
644,645,1,4252,3,34,2,14,6,4,205
645,646,1,3498,2,34,2,21,8,4,203
646,647,0,2848,2,34,2,14,4,4,203
647,648,0,3551,3,34,2,14,7,4,203
648,649,1,2078,2,37,2,14,5,2,206
649,650,1,2498,2,37,2,21,8,2,206
650,651,1,2427,3,37,2,14,6,2,207
651,652,0,2852,4,37,2,14,7,2,207
652,653,0,1995,3,37,2,7,6,2,207
653,654,1,2798,2,37,2,14,5,3,208
654,655,1,2878,2,37,2,14,6,3,208
655,656,1,3258,2,37,2,21,4,3,208
656,657,1,2343,3,37,2,7,7,3,209
657,658,1,3217,3,37,2,14,5,3,209
658,659,0,4832,4,37,2,14,6,3,209
659,660,0,3558,2,37,2,21,8,3,209
660,661,1,4398,2,37,2,14,5,4,210
661,662,1,4958,2,37,2,14,6,4,210
662,663,0,2090,3,37,2,7,7,4,211
663,664,1,1558,2,44,2,14,5,1,212
664,665,1,2397,3,44,2,14,6,1,212
665,666,1,2481,2,44,2,21,8,1,213
666,667,1,1718,2,44,2,14,5,2,214
667,668,1,2410,4,44,2,7,7,2,214
668,669,5,1285,3,44,2,4,4,2,215
669,670,0,1798,2,44,2,14,5,2,216
670,671,7,1676,3,44,2,7,8,2,216
671,672,1,2198,2,44,2,14,5,3,217
672,673,1,3530,4,44,2,14,6,3,217
673,674,1,1607,3,44,2,4,7,3,218
674,675,1,3697,3,44,2,14,6,3,219
675,676,1,1858,2,44,2,7,7,3,219
676,677,1,2598,3,44,2,14,8,3,220
677,678,0,3058,2,44,2,21,4,3,220
678,679,1,1478,2,44,2,4,5,4,221
679,680,1,3644,4,44,2,7,6,4,222
680,681,1,3605,3,44,2,14,7,4,222
681,682,0,2678,2,44,2,14,5,4,223
682,683,0,1898,2,44,2,7,8,4,223
683,684,1,3417,3,58,2,14,5,2,224
684,685,1,2698,2,58,2,21,8,2,224
685,686,1,3837,3,58,2,14,6,3,225
686,687,1,3507,4,58,2,14,7,3,225
687,688,1,2278,2,58,2,14,5,3,225
688,689,1,3194,3,58,2,14,7,3,226
689,690,1,2858,2,58,2,14,6,3,226
690,691,1,2068,2,58,2,7,4,3,226
691,692,0,3278,2,58,2,21,5,3,227
692,693,5,2178,2,58,2,7,9,3,227
693,694,1,4011,3,58,2,14,7,4,228
694,695,1,4287,3,58,2,14,6,4,228
695,696,1,2488,2,58,2,7,5,4,228
696,697,0,5532,4,58,2,14,7,4,229
697,698,0,4810,3,58,2,21,4,4,229
698,699,7,758,2,33,0,7,4,2,230
699,700,7,858,2,33,0,7,5,2,230
700,701,7,1118,4,33,0,7,6,2,231
701,702,7,1698,3,33,0,14,7,2,231
702,703,7,1138,2,33,0,14,8,2,232
703,704,5,798,2,33,0,7,7,2,232
704,705,5,678,3,33,0,7,6,2,233
705,706,5,938,2,33,0,7,5,3,234
706,707,5,1498,2,33,0,14,4,3,234
707,708,7,698,2,33,0,7,5,3,235
708,709,7,1806,3,33,0,14,8,3,235
709,710,7,807,3,33,1,7,4,2,230
710,711,5,2274,4,33,1,14,5,2,230
711,712,5,1185,3,33,3,7,7,3,235
712,713,7,698,2,33,3,7,8,3,235
713,714,1,2178,2,61,2,14,5,2,236
714,715,1,2483,3,61,2,14,6,2,236
715,716,1,4770,4,61,2,21,7,3,237
716,717,0,2578,2,61,2,14,8,3,237
717,718,0,3065,3,61,2,7,6,3,238
718,719,1,2758,2,61,2,14,7,3,238
719,720,3,2878,2,61,2,14,4,4,239
720,721,1,1958,2,61,2,14,5,2,240
721,722,1,3171,3,61,2,14,6,3,241
722,723,1,2412,3,61,2,7,7,3,241
723,724,1,2878,2,61,2,14,8,3,242
724,725,3,3278,2,61,2,21,4,3,242
725,726,1,4313,4,61,2,14,7,4,243
726,727,1,3010,3,61,2,7,6,4,243
727,728,0,2918,2,61,2,14,5,4,244
728,729,1,2298,2,62,2,14,5,2,245
729,730,1,2941,3,62,2,14,6,2,245
730,731,0,3160,3,62,2,21,8,2,245
731,732,1,4107,4,62,2,14,7,3,246
732,733,1,2838,2,62,2,14,6,3,246
733,734,1,2738,2,62,2,14,5,3,246
734,735,1,2258,2,62,2,7,7,3,247
735,736,1,3891,3,62,2,21,5,3,247
736,737,0,3058,2,62,2,14,8,3,248
737,738,3,2698,2,62,2,14,4,3,248
738,739,1,3258,2,62,2,14,5,4,249
739,740,1,3325,3,62,2,7,6,4,249
740,741,1,3258,3,62,2,14,8,4,249
741,742,0,2898,2,62,2,14,4,4,250
742,743,3,2498,2,62,2,14,9,4,250
743,744,1,2778,3,60,2,14,6,2,251
744,745,1,1778,2,60,2,14,5,2,251
745,746,5,2058,2,60,2,14,4,2,252
746,747,0,2637,3,60,2,14,8,2,252
747,748,1,4114,3,60,2,14,5,3,253
748,749,1,3464,4,60,2,7,6,3,253
749,750,1,3203,3,60,2,14,7,3,254
750,751,5,2768,2,60,2,21,5,3,254
751,752,5,2258,2,60,2,14,4,3,255
752,753,0,2964,3,60,2,14,8,3,255
753,754,1,2808,2,60,2,14,5,4,256
754,755,1,4773,4,60,2,14,6,4,256
755,756,5,1888,2,60,2,14,4,4,257
756,757,1,2228,2,60,2,7,5,4,257
757,758,0,2898,2,60,2,14,7,4,258
758,759,0,2879,3,60,2,14,8,4,258
759,760,1,3537,4,6,0,14,6,3,259
760,761,1,2447,3,6,0,21,7,3,259
761,762,1,2758,3,6,0,14,6,4,260
762,763,5,2758,2,6,0,14,5,4,260
763,764,1,879,9,6,0,7,5,0,261
764,765,1,759,5,6,0,7,6,0,261
765,766,1,798,2,6,0,14,7,0,261
766,767,5,658,3,6,0,14,4,0,261
767,768,5,279,2,6,0,7,5,0,261
768,769,0,1498,7,6,0,14,8,0,261
769,770,5,434,2,9,0,7,10,0,262
770,771,5,434,3,9,0,7,11,0,262
771,772,5,739,4,9,0,14,1,0,262
772,773,0,434,2,9,0,7,10,0,262
773,774,0,1068,4,9,0,14,2,0,262
774,775,5,314,2,9,0,3,10,0,262
775,776,0,394,6,9,0,4,0,0,262
776,777,5,649,4,9,0,7,10,0,263
777,778,0,879,8,9,0,7,11,0,263
778,779,5,719,6,9,0,7,0,0,263
779,780,0,369,4,9,0,4,11,0,263
780,781,5,849,3,9,0,7,1,0,264
781,782,0,649,6,9,0,7,10,0,264
782,783,5,339,5,9,0,4,1,0,264
783,784,5,1338,4,9,0,14,0,0,265
784,785,0,959,5,9,0,7,1,0,265
785,786,0,499,4,9,0,3,11,0,265
786,787,5,649,4,9,0,7,2,0,266
787,788,0,919,8,9,0,7,10,0,266
788,789,5,619,6,9,0,4,2,0,266
789,790,5,699,2,25,0,7,10,0,267
790,791,5,699,3,25,0,7,11,0,267
791,792,0,439,4,25,0,4,0,0,267
792,793,5,639,4,25,0,7,1,0,268
793,794,0,639,5,25,0,7,2,0,268
794,795,0,1278,4,25,0,14,10,0,268
795,796,5,629,4,25,0,7,1,0,269
796,797,0,629,6,25,0,7,0,0,269
797,798,5,509,4,25,0,7,2,0,270
798,799,0,889,8,25,0,7,1,0,270
799,800,5,579,2,25,0,7,0,0,271
800,801,5,719,4,25,0,7,1,0,271
801,802,0,1638,6,25,0,14,2,0,271
802,803,5,849,4,30,0,7,0,0,272
803,804,0,1089,6,30,0,7,2,0,272
804,805,5,499,3,36,0,7,10,0,273
805,806,5,529,4,36,0,7,11,0,273
806,807,0,609,6,36,0,7,1,0,273
807,808,5,354,4,36,0,3,0,0,273
808,809,0,339,2,36,0,4,10,0,273
809,810,0,538,2,49,0,7,0,3,274
810,811,6,822,3,49,0,7,1,3,274
811,812,5,1076,4,49,0,7,1,3,274
812,813,0,1602,3,49,0,14,0,2,275
813,814,6,558,2,49,0,7,1,2,275
814,815,5,807,4,49,0,7,2,2,275
815,816,0,898,2,49,0,14,0,2,276
816,817,6,478,2,49,0,7,1,2,276
817,818,5,687,3,49,0,7,2,2,276
818,819,0,319,2,49,0,7,0,2,277
819,820,6,1962,4,49,0,14,1,2,277
820,821,5,329,2,49,0,7,1,2,277
821,822,0,987,3,49,0,7,1,2,278
822,823,6,638,2,49,0,7,2,2,278
823,824,5,1276,4,49,0,7,0,2,278
824,825,0,858,2,55,0,7,0,2,279
825,826,6,1647,3,55,0,7,1,2,279
826,827,0,1028,2,55,0,14,1,3,280
827,828,6,1098,2,55,0,7,2,3,280
828,829,6,1572,3,55,0,7,0,3,281
829,830,5,1738,2,55,0,7,1,3,281
830,831,0,3777,3,55,0,14,1,3,282
831,832,6,1048,2,55,0,7,2,3,282
832,833,6,598,2,55,0,7,0,3,283
833,834,0,1816,4,55,0,7,1,3,283
834,835,0,2097,3,55,0,7,1,3,284
835,836,5,1198,2,55,0,7,2,3,284
836,837,6,1257,3,55,0,14,2,2,285
837,838,5,2036,4,55,0,7,1,2,285
838,839,0,2334,6,55,0,14,1,2,286
839,840,6,1795,5,55,0,7,0,2,286
840,841,0,748,2,55,0,7,0,2,287
841,842,6,1497,3,55,0,7,1,2,287
842,843,6,1272,3,55,0,7,1,1,288
843,844,6,888,2,55,0,7,2,1,288
844,845,6,1152,4,24,0,7,0,3,235
845,846,6,1414,3,24,0,7,1,3,235
846,847,0,798,2,24,0,14,2,3,235
847,848,6,698,2,24,0,7,0,3,289
848,849,0,1372,3,24,0,7,1,3,289
849,850,6,1737,3,24,0,7,1,3,234
850,851,6,998,2,24,0,7,2,3,234
851,852,5,1737,3,24,0,14,0,3,234
852,853,6,1596,4,24,0,7,1,2,231
853,854,0,638,2,24,0,7,2,2,231
854,855,6,897,3,24,0,14,1,1,290
855,856,0,458,2,24,0,7,0,1,290
856,857,6,698,2,24,0,7,2,2,291
857,858,6,1047,3,24,0,7,1,2,291
858,859,0,488,2,24,0,7,0,1,292
859,860,5,1096,4,24,0,7,1,1,292
860,861,6,458,2,24,0,7,2,1,293
861,862,5,1180,3,24,0,14,1,1,293
862,863,0,892,4,24,0,7,0,1,294
863,864,6,718,2,24,0,7,1,1,294
864,865,6,974,5,24,0,7,2,0,295
865,866,6,974,3,24,0,7,1,0,295
866,867,6,1108,4,24,0,14,0,0,296
867,868,0,579,6,24,0,7,2,0,297
868,869,0,664,4,24,0,7,1,0,297
869,870,0,4332,4,2,0,7,11,5,27
870,871,6,1868,2,2,0,7,0,5,27
871,872,5,2428,3,2,0,7,1,5,27
872,873,0,1822,3,2,0,14,2,3,298
873,874,6,1458,2,2,0,7,1,3,298
874,875,6,1822,3,2,0,7,0,3,298
875,876,0,2248,2,2,0,7,11,5,299
876,877,6,2447,3,2,0,7,0,5,299
877,878,5,2937,4,2,0,7,1,5,299
878,879,0,1058,3,2,0,14,2,2,300
879,880,6,1587,4,2,0,7,1,2,300
880,881,5,688,2,2,0,7,0,2,300
881,882,6,530,4,2,0,7,11,0,301
882,883,0,645,8,2,0,7,0,0,301
883,884,6,745,6,2,0,7,1,0,301
884,885,6,1188,2,2,0,14,2,0,302
885,886,5,879,4,2,0,7,1,0,302
886,887,0,624,3,2,0,7,0,0,302
887,888,6,459,3,2,0,8,11,0,303
888,889,6,424,4,2,0,7,0,0,303
889,890,5,1568,4,2,0,14,1,0,303
890,891,6,854,4,2,0,7,2,0,304
891,892,0,984,6,2,0,7,1,0,304
892,893,5,439,2,2,0,7,0,0,305
893,894,5,799,3,2,0,10,11,0,305
894,895,0,998,3,8,0,7,11,3,306
895,896,6,798,2,8,0,7,0,3,306
896,897,6,998,3,8,0,7,1,3,306
897,898,0,1348,2,8,0,7,11,4,307
898,899,6,1147,3,8,0,7,0,4,307
899,900,5,3188,2,8,0,14,1,3,308
900,901,0,3448,2,8,0,10,11,3,308
901,902,0,1658,2,8,0,7,0,4,309
902,903,6,2072,3,8,0,7,1,4,309
903,904,0,2985,3,8,0,14,1,4,310
904,905,6,1658,2,8,0,7,2,4,310
905,906,0,745,3,8,0,7,0,2,311
906,907,5,949,4,8,0,7,1,2,311
907,908,0,684,2,8,0,7,0,0,312
908,909,6,1164,5,8,0,14,1,0,312
909,910,0,529,4,8,0,7,11,0,313
910,911,5,484,2,8,0,7,1,0,313
911,912,6,449,2,8,0,7,0,0,314
912,913,6,774,6,8,0,7,1,0,314
913,914,0,379,2,8,0,7,0,0,315
914,915,5,459,3,8,0,14,1,0,315
915,916,0,454,3,8,0,7,0,0,316
916,917,6,774,8,8,0,7,2,0,316
917,918,5,699,6,8,0,7,0,0,317
918,919,0,1018,3,8,0,14,1,0,317
919,920,5,1338,2,29,0,7,11,3,318
920,921,6,1472,3,29,0,7,0,3,318
921,922,5,1257,4,29,0,7,1,3,34
922,923,6,1178,2,29,0,7,2,3,34
923,924,0,1257,4,29,0,7,1,3,319
924,925,6,1338,2,29,0,7,11,3,319
925,926,5,1235,3,29,0,7,0,3,320
926,927,0,1482,4,29,0,7,1,3,320
927,928,5,838,2,29,0,14,2,3,321
928,929,5,1472,3,29,0,7,1,3,321
929,930,6,604,2,29,0,14,11,3,322
930,931,5,1782,4,29,0,7,0,3,322
931,932,0,2935,3,29,0,14,0,3,323
932,933,5,838,2,29,0,7,2,3,323
933,934,5,1257,4,29,0,7,1,3,323
934,935,5,559,6,29,0,7,11,0,324
935,936,5,549,7,29,0,7,0,0,324
936,937,0,1098,5,29,0,14,2,0,324
937,938,0,549,6,29,0,7,1,0,324
938,939,6,549,4,29,0,7,1,0,324
939,940,5,2128,2,35,0,7,11,3,325
940,941,5,1910,3,35,0,7,0,3,325
941,942,7,1648,2,35,0,7,1,3,325
942,943,6,2007,4,35,0,7,2,3,325
943,944,5,2368,2,35,0,10,11,3,326
944,945,5,1485,3,35,0,7,0,3,326
945,946,7,1298,2,35,0,7,1,3,326
946,947,0,1782,4,35,0,7,2,3,326
947,948,5,2007,4,35,0,7,11,2,327
948,949,7,1168,2,35,0,14,0,2,327
949,950,6,1460,3,35,0,7,1,2,327
950,951,5,1522,3,35,0,7,11,2,328
951,952,5,1482,4,35,0,7,0,2,328
952,953,6,1235,3,35,0,7,1,2,328
953,954,7,599,3,35,0,14,10,0,329
954,955,5,679,5,35,0,7,0,0,329
955,956,5,419,2,35,0,7,1,0,330
956,957,7,1114,4,35,0,10,11,0,330
957,958,6,324,3,35,0,7,11,0,331
958,959,6,499,6,35,0,7,1,0,331
959,960,7,1227,4,10,0,7,11,2,55
960,961,0,748,2,10,0,7,0,2,55
961,962,6,1735,3,10,0,7,1,4,332
962,963,7,2768,2,10,0,14,2,4,332
963,964,5,1737,4,10,0,7,1,3,57
964,965,7,818,2,10,0,7,0,3,57
965,966,5,2322,3,10,0,10,11,3,333
966,967,6,1158,2,10,0,7,1,3,333
967,968,0,1008,2,10,0,7,0,3,56
968,969,5,1260,3,10,0,14,1,3,56
969,970,7,1257,4,10,0,7,2,2,334
970,971,6,838,2,10,0,7,1,2,334
971,972,5,897,3,10,0,7,0,2,335
972,973,7,688,2,10,0,6,11,2,335
973,974,0,454,4,10,0,7,0,0,336
974,975,0,514,6,10,0,7,1,0,336
975,976,5,459,2,10,0,7,2,0,337
976,977,5,1068,4,10,0,14,1,0,337
977,978,6,549,6,10,0,7,0,0,338
978,979,5,679,2,10,0,7,11,0,339
979,980,5,599,4,10,0,7,0,0,339
980,981,6,464,3,10,0,7,1,0,340
981,982,7,1033,5,10,0,14,2,0,340
982,983,5,989,4,10,0,7,1,0,341
983,984,7,839,6,10,0,7,0,0,341
984,985,7,1672,3,59,0,7,11,3,342
985,986,5,1178,2,59,0,7,0,3,342
986,987,0,4092,4,59,0,14,1,3,61
987,988,7,1368,2,59,0,7,2,3,61
988,989,7,1104,3,59,0,7,1,2,343
989,990,6,883,2,59,0,7,0,2,343
990,991,5,688,2,59,0,7,11,3,60
991,992,7,1773,3,59,0,14,10,3,60
992,993,7,1138,2,59,0,7,0,4,63
993,994,5,1647,3,59,0,7,2,4,63
994,995,6,1977,4,59,0,7,1,4,63
995,996,7,1294,2,59,0,14,0,2,344
996,997,5,785,3,59,0,7,11,2,344
997,998,0,987,4,59,0,7,1,2,345
998,999,7,598,2,59,0,7,2,2,345
999,1000,7,389,3,59,0,7,1,0,346
1000,1001,7,389,4,59,0,7,2,0,346
1001,1002,5,389,3,59,0,7,0,0,346
1002,1003,0,924,4,59,0,9,11,0,346
1003,1004,6,389,4,59,0,7,1,0,346
1004,1005,7,855,4,59,0,14,2,0,347
1005,1006,7,483,4,59,0,7,0,0,347
1006,1007,5,774,4,59,0,9,11,0,347
1007,1008,0,483,3,59,0,7,0,0,347
1008,1009,6,483,4,59,0,7,1,0,347
1009,1010,0,624,4,31,0,7,11,0,348
1010,1011,6,624,4,31,0,7,0,0,348
1011,1012,5,1624,5,31,0,7,1,0,348
1012,1013,0,844,4,31,0,7,2,0,349
1013,1014,6,1654,5,31,0,7,1,0,349
1014,1015,5,824,6,31,0,7,0,0,349
1015,1016,0,764,4,31,0,7,11,0,350
1016,1017,6,3368,5,31,0,14,0,0,350
1017,1018,5,1014,4,31,0,7,1,0,350
1018,1019,0,1339,4,31,0,7,2,0,351
1019,1020,6,1094,5,31,0,7,1,0,351
1020,1021,5,1728,6,31,0,14,0,0,351
1021,1022,0,589,4,31,0,7,11,0,352
1022,1023,6,589,4,31,0,7,0,0,352
1023,1024,5,1574,4,31,0,7,1,0,352
1024,1025,0,1744,6,31,0,7,2,0,353
1025,1026,6,1319,5,31,0,7,1,0,353
1026,1027,5,1478,4,31,0,14,0,0,353
1027,1028,0,629,4,31,0,7,11,0,354
1028,1029,6,799,4,31,0,7,0,0,354
1029,1030,5,1149,6,31,0,7,1,0,354
1030,1031,0,814,3,31,0,7,2,0,355
1031,1032,0,2028,4,31,0,14,1,0,355
1032,1033,6,919,4,31,0,7,0,0,355
1033,1034,5,1164,6,31,0,7,11,0,355
1034,1035,0,1397,3,15,0,10,11,2,356
1035,1036,6,658,2,15,0,7,0,2,356
1036,1037,5,1167,4,15,0,7,1,3,357
1037,1038,0,778,2,15,0,7,2,3,357
1038,1039,6,997,3,15,0,7,1,3,358
1039,1040,6,1448,2,15,0,14,0,3,358
1040,1041,5,1647,3,15,0,10,11,2,359
1041,1042,5,758,2,15,0,7,0,2,359
1042,1043,0,1617,4,15,0,7,1,3,360
1043,1044,6,998,2,15,0,7,2,3,360
1044,1045,0,678,2,15,0,7,1,3,361
1045,1046,6,847,3,15,0,7,0,3,361
1046,1047,6,779,2,15,0,10,11,0,362
1047,1048,0,1078,4,15,0,14,0,0,362
1048,1049,0,919,6,15,0,7,1,0,362
1049,1050,0,1049,8,15,0,7,1,0,362
1050,1051,0,794,3,15,0,7,1,0,363
1051,1052,5,554,2,15,0,7,2,0,363
1052,1053,6,669,3,15,0,7,1,0,364
1053,1054,6,629,4,15,0,7,0,0,364
1054,1055,0,1189,3,15,0,10,11,0,365
1055,1056,5,569,3,15,0,7,0,0,365
1056,1057,6,649,4,15,0,7,1,0,365
1057,1058,6,499,2,15,0,7,2,0,366
1058,1059,5,879,4,15,0,7,1,0,366
1059,1060,0,849,2,42,0,10,11,0,367
1060,1061,0,399,2,42,0,7,0,0,367
1061,1062,0,399,2,42,0,7,1,0,367
1062,1063,0,669,4,42,0,14,2,0,367
1063,1064,6,1629,4,42,0,10,11,0,367
1064,1065,6,669,4,42,0,7,0,0,367
1065,1066,6,669,4,42,0,7,1,0,367
1066,1067,6,1338,4,42,0,14,2,0,367
1067,1068,5,899,6,42,0,7,0,0,367
1068,1069,5,899,6,42,0,7,1,0,367
1069,1070,6,1307,3,63,0,14,2,3,368
1070,1071,0,1227,4,63,0,7,1,3,368
1071,1072,6,1218,2,63,0,7,0,4,369
1072,1073,0,2238,2,63,0,10,11,4,369
1073,1074,6,1197,3,63,0,7,0,3,370
1074,1075,5,1647,4,63,0,7,1,3,370
1075,1076,6,733,2,63,0,7,2,3,371
1076,1077,6,1238,2,63,0,7,1,3,371
1077,1078,0,1508,2,63,0,14,0,3,371
1078,1079,6,1347,3,63,0,10,11,3,372
1079,1080,5,987,3,63,0,7,0,3,372
1080,1081,6,1707,4,63,0,7,1,3,373
1081,1082,0,1138,2,63,0,7,1,3,373
1082,1083,6,1272,3,63,0,7,0,3,374
1083,1084,5,1158,2,63,0,7,2,3,374
1084,1085,6,1498,2,63,0,14,1,3,375
1085,1086,0,1047,4,63,0,7,0,3,375
1086,1087,6,1958,2,63,0,10,11,4,376
1087,1088,5,978,2,63,0,7,0,4,376
1088,1089,6,699,3,63,0,7,1,0,377
1089,1090,6,889,5,63,0,7,0,0,377
1090,1091,0,749,6,63,0,7,2,0,377
1091,1092,6,1853,4,63,0,14,1,0,378
1092,1093,0,844,4,63,0,7,0,0,378
1093,1094,5,2144,6,63,0,10,11,0,378
1094,1095,6,729,3,63,0,7,1,0,379
1095,1096,6,899,4,63,0,7,0,0,379
1096,1097,0,1039,4,63,0,7,2,0,379
1097,1098,6,2089,4,63,0,10,11,0,380
1098,1099,0,979,4,63,0,7,0,0,380
1099,1100,6,1409,6,63,0,7,1,0,380
1100,1101,5,539,4,63,0,7,2,0,381
1101,1102,6,1038,4,63,0,14,1,0,381
1102,1103,0,809,6,63,0,7,0,0,381
1103,1104,6,934,3,63,0,10,11,0,382
1104,1105,6,404,2,63,0,7,0,0,382
1105,1106,5,864,6,63,0,7,1,0,382
1106,1107,6,619,4,63,0,7,0,0,383
1107,1108,0,1008,2,63,0,14,2,0,383
1108,1109,6,1458,2,52,0,10,11,3,384
1109,1110,0,997,3,52,0,7,0,3,384
1110,1111,6,1317,4,52,0,7,1,3,384
1111,1112,6,1218,2,52,0,7,2,4,385
1112,1113,0,1378,2,52,0,7,1,4,385
1113,1114,5,1522,3,52,0,7,0,4,385
1114,1115,6,2672,3,52,0,10,11,4,386
1115,1116,6,1358,2,52,0,7,0,4,386
1116,1117,0,4647,4,52,0,14,1,4,386
1117,1118,6,788,2,52,0,7,2,2,387
1118,1119,6,828,2,52,0,7,1,2,387
1119,1120,5,985,3,52,0,7,0,2,387
1120,1121,6,1009,3,52,0,10,11,0,388
1121,1122,6,669,3,52,0,14,0,0,388
1122,1123,0,879,4,52,0,7,1,0,388
1123,1124,6,784,3,52,0,7,2,0,389
1124,1125,5,1254,4,52,0,7,1,0,389
1125,1126,0,543,2,52,0,7,0,0,389
1126,1127,6,948,3,52,0,14,11,0,390
1127,1128,6,474,3,52,0,7,0,0,390
1128,1129,5,599,3,52,0,7,1,0,390
1129,1130,6,554,3,52,0,7,2,0,391
1130,1131,6,1149,4,52,0,7,1,0,391
1131,1132,0,310,2,52,0,7,0,0,391
1132,1133,0,3009,6,52,0,10,11,0,391
1133,1134,6,1153,2,53,0,14,0,3,392
1134,1135,6,1182,4,53,0,7,1,3,392
1135,1136,0,985,3,53,0,7,2,3,392
1136,1137,5,985,3,53,0,7,1,3,392
1137,1138,6,758,2,53,0,7,0,3,393
1138,1139,6,1368,2,53,0,10,11,3,393
1139,1140,0,947,3,53,0,7,0,3,393
1140,1141,5,1137,4,53,0,7,1,3,393
1141,1142,6,1998,2,53,0,7,2,4,394
1142,1143,6,2648,2,53,0,7,1,4,394
1143,1144,0,2607,3,53,0,14,0,4,394
1144,1145,5,3498,2,53,0,10,11,4,394
1145,1146,6,2907,3,53,0,7,0,4,395
1146,1147,6,2478,2,53,0,7,1,4,395
1147,1148,0,2378,2,53,0,7,2,4,395
1148,1149,5,8007,3,53,0,14,1,4,395
1149,1150,6,243,2,53,0,7,0,0,396
1150,1151,6,1084,4,53,0,10,11,0,396
1151,1152,6,460,4,53,0,7,0,0,396
1152,1153,0,674,5,53,0,7,1,0,396
1153,1154,0,739,6,53,0,7,2,0,396
1154,1155,5,614,4,53,0,7,1,0,396
1155,1156,6,1098,2,56,0,10,11,2,397
1156,1157,6,1165,3,56,0,14,0,2,397
1157,1158,0,1017,4,56,0,7,1,2,397
1158,1159,5,635,3,56,0,7,2,2,397
1159,1160,6,778,2,56,0,7,1,3,398
1160,1161,6,738,2,56,0,7,0,3,398
1161,1162,0,1597,3,56,0,10,11,3,398
1162,1163,0,738,2,56,0,7,2,3,398
1163,1164,6,1797,4,56,0,7,1,3,399
1164,1165,6,1198,2,56,0,7,1,3,399
1165,1166,5,1272,3,56,0,7,2,3,399
1166,1167,0,2577,4,56,0,10,11,3,399
1167,1168,6,239,4,56,0,7,0,0,400
1168,1169,6,549,3,56,0,7,1,0,400
1169,1170,0,919,4,56,0,10,11,0,400
1170,1171,6,385,4,56,0,7,2,0,401
1171,1172,0,514,4,56,0,7,1,0,401
1172,1173,5,244,3,56,0,7,0,0,401
1173,1174,6,239,4,56,0,14,0,0,402
1174,1175,6,889,4,56,0,10,11,0,402
1175,1176,0,351,3,56,0,7,2,0,402
1176,1177,5,351,4,56,0,7,1,0,402
1177,1178,6,299,4,56,0,7,0,0,403
1178,1179,6,359,4,56,0,14,1,0,403
1179,1180,0,359,3,56,0,7,2,0,403
1180,1181,0,2051,3,63,0,7,1,5,404
1181,1182,5,2323,2,63,0,14,2,5,404
1182,1183,6,1120,2,63,0,7,0,5,404
1183,1184,6,508,2,63,0,7,0,3,405
1184,1185,6,1247,3,63,0,7,11,3,405
1185,1186,0,762,4,63,0,7,0,3,405
1186,1187,6,2097,4,63,0,14,1,3,406
1187,1188,5,720,3,63,0,7,2,3,406
1188,1189,6,657,4,63,0,7,1,2,407
1189,1190,0,398,2,63,0,7,0,2,407
1190,1191,6,694,4,63,0,10,11,0,408
1191,1192,6,514,3,63,0,14,0,0,408
1192,1193,6,684,4,63,0,7,1,0,408
1193,1194,6,319,3,63,0,7,1,0,409
1194,1195,6,499,4,63,0,7,2,0,409
1195,1196,0,499,5,63,0,14,0,0,409
1196,1197,0,329,2,63,0,7,0,0,410
1197,1198,0,809,5,63,0,7,1,0,410
1198,1199,5,389,4,63,0,7,2,0,411
1199,1200,5,1698,6,63,0,14,1,0,411
1200,1201,6,898,2,26,0,7,0,4,412
1201,1202,6,1647,4,26,0,7,1,4,412
1202,1203,0,1372,3,26,0,7,2,4,412
1203,1204,5,2672,3,26,0,14,1,4,412
1204,1205,6,772,3,26,0,7,0,2,413
1205,1206,6,1478,2,26,0,10,11,2,413
1206,1207,0,618,2,26,0,7,2,2,413
1207,1208,5,1107,4,26,0,7,1,2,413
1208,1209,6,754,4,26,0,7,0,0,414
1209,1210,6,754,2,26,0,7,0,0,414
1210,1211,0,1974,4,26,0,10,11,0,414
1211,1212,0,1214,3,26,0,7,2,0,414
1212,1213,6,719,4,26,0,7,1,0,415
1213,1214,6,899,5,26,0,7,0,0,415
1214,1215,0,709,4,26,0,7,0,0,415
1215,1216,5,1478,4,26,0,14,1,0,415
1216,1217,6,449,4,26,0,7,2,0,416
1217,1218,6,379,3,26,0,7,1,0,416
1218,1219,0,379,2,26,0,14,0,0,416
1219,1220,5,929,4,26,0,10,11,0,416
1220,1221,1,2618,2,27,2,14,10,4,417
1221,1222,1,3065,3,27,2,7,11,4,417
1222,1223,0,3298,2,27,2,14,0,4,417
1223,1224,5,3718,2,27,2,14,1,4,417
1224,1225,1,3363,3,27,2,14,2,3,418
1225,1226,1,2158,2,27,2,7,10,3,418
1226,1227,0,2945,3,27,2,14,11,3,418
1227,1228,5,4552,4,27,2,14,0,3,418
1228,1229,1,3598,2,27,2,14,1,4,419
1229,1230,1,3598,2,27,2,14,2,4,419
1230,1231,0,3478,2,27,2,14,10,4,419
1231,1232,5,3515,3,27,2,14,11,4,419
1232,1233,1,2578,2,27,2,7,0,3,420
1233,1234,1,4552,4,27,2,14,1,3,420
1234,1235,0,2678,2,27,2,14,2,3,420
1235,1236,1,4658,2,43,2,7,10,4,421
1236,1237,1,6113,3,43,2,14,11,4,421
1237,1238,5,4298,2,43,2,14,0,4,421
1238,1239,0,4398,2,43,2,14,1,4,421
1239,1240,1,3498,2,43,2,14,2,3,422
1240,1241,1,4956,4,43,2,14,10,3,422
1241,1242,5,2388,2,43,2,7,11,3,422
1242,1243,5,4157,3,43,2,14,0,3,422
1243,1244,1,3598,2,43,2,14,1,3,423
1244,1245,1,4367,3,43,2,14,2,3,423
1245,1246,5,4022,3,43,2,14,10,3,423
1246,1247,0,5576,4,43,2,14,11,3,423
1247,1248,1,3438,2,43,2,14,0,3,179
1248,1249,1,3578,2,43,2,14,1,3,179
1249,1250,5,4847,3,43,2,14,2,3,179
1250,1251,5,3578,2,43,2,14,10,3,179
1251,1252,1,2498,2,43,2,14,11,2,178
1252,1253,1,2769,3,43,2,7,0,2,178
1253,1254,5,3765,3,43,2,14,1,2,178
1254,1255,0,3278,2,43,2,14,2,2,178
1255,1256,1,2527,3,23,2,7,10,3,424
1256,1257,1,2338,2,23,2,14,11,3,424
1257,1258,0,2527,3,23,2,14,0,3,424
1258,1259,5,2907,4,23,2,14,1,3,424
1259,1260,1,3018,2,23,2,14,2,3,425
1260,1261,5,2498,2,23,2,14,0,3,425
1261,1262,1,2613,3,23,2,14,10,3,425
1262,1263,1,2138,2,23,2,14,11,3,426
1263,1264,1,2493,3,23,2,7,2,3,426
1264,1265,0,2138,2,23,2,14,0,3,426
1265,1266,5,2138,2,23,2,14,1,3,426
1266,1267,1,3077,4,23,2,14,10,3,427
1267,1268,1,2418,2,23,2,14,11,3,427
1268,1269,0,2418,2,23,2,14,0,3,427
1269,1270,5,2659,3,23,2,14,1,3,427
1270,1271,1,2439,3,23,2,7,2,4,428
1271,1272,1,2958,2,23,2,14,10,4,428
1272,1273,0,2578,2,23,2,14,11,4,428
1273,1274,5,2578,2,23,2,14,0,4,428
1274,1275,1,2879,3,23,2,14,2,4,429
1275,1276,1,2558,2,23,2,14,10,4,429
1276,1277,0,2278,2,23,2,14,1,4,429
1277,1278,5,2349,3,23,2,14,0,2,430
1278,1279,1,2738,2,23,2,14,10,2,430
1279,1280,0,1917,3,23,2,7,11,2,430
1280,1281,1,1570,3,45,2,7,10,4,431
1281,1282,5,1998,2,45,2,14,11,4,431
1282,1283,5,2318,2,45,2,14,0,4,431
1283,1284,0,2329,3,45,2,14,1,4,431
1284,1285,1,1478,2,45,2,14,10,3,432
1285,1286,5,2600,4,45,2,14,2,3,432
1286,1287,5,1618,2,45,2,14,11,3,432
1287,1288,0,1258,2,45,2,7,0,3,432
1288,1289,1,2519,3,45,2,14,10,3,433
1289,1290,5,2038,2,45,2,14,1,3,433
1290,1291,0,2238,2,45,2,14,11,3,433
1291,1292,5,2519,3,45,2,14,0,3,433
1292,1293,1,1978,2,45,2,14,10,4,434
1293,1294,5,1922,3,45,2,14,11,4,434
1294,1295,0,1428,2,45,2,7,2,4,434
1295,1296,1,2758,2,46,2,14,10,3,435
1296,1297,1,3654,3,46,2,14,10,3,435
1297,1298,5,4502,3,46,2,14,11,3,435
1298,1299,0,2268,2,46,2,7,0,3,435
1299,1300,1,3309,3,46,2,14,10,3,436
1300,1301,5,3138,2,46,2,14,1,3,436
1301,1302,5,4422,3,46,2,14,2,3,436
1302,1303,0,4079,4,46,2,14,3,3,436
1303,1304,1,1918,2,46,2,7,10,3,437
1304,1305,1,3237,3,46,2,14,10,3,437
1305,1306,5,2438,2,46,2,14,0,3,437
1306,1307,0,3615,3,46,2,14,11,3,437
1307,1308,1,2642,3,46,2,14,10,3,438
1308,1309,0,2518,2,46,2,14,1,3,438
1309,1310,5,3507,3,46,2,14,2,3,438
1310,1311,5,3687,4,46,2,14,3,3,438
1311,1312,1,2778,2,46,2,14,10,3,439
1312,1313,1,3680,3,46,2,14,10,3,439
1313,1314,0,4237,3,46,2,7,11,3,439
1314,1315,5,2938,2,46,2,14,0,3,439
1315,1316,1,3033,3,34,2,14,10,3,440
1316,1317,1,2758,2,34,2,14,11,3,440
1317,1318,0,2638,2,34,2,14,0,3,440
1318,1319,1,2440,4,34,2,7,1,3,441
1319,1320,1,2770,3,34,2,14,2,3,441
1320,1321,5,2778,2,34,2,14,3,3,441
1321,1322,1,2949,3,34,2,14,0,2,442
1322,1323,0,2558,2,34,2,14,1,2,442
1323,1324,5,2541,3,34,2,14,10,2,442
1324,1325,1,4077,4,34,2,7,11,2,443
1325,1326,1,2758,2,34,2,14,2,2,443
1326,1327,5,2658,2,34,2,14,3,2,443
1327,1328,1,3495,3,34,2,14,10,4,205
1328,1329,0,3338,2,34,2,14,11,4,205
1329,1330,5,3495,3,34,2,14,0,4,205
1330,1331,1,4245,3,34,2,14,1,3,444
1331,1332,1,3538,2,34,2,14,2,3,444
1332,1333,0,2781,3,34,2,7,3,3,444
1333,1334,1,2978,2,34,2,14,10,3,445
1334,1335,1,3717,3,34,2,14,11,3,445
1335,1336,0,4169,4,34,2,14,0,3,445
1336,1337,5,3158,2,34,2,14,1,3,445
1337,1338,1,3696,3,34,2,14,2,2,446
1338,1339,0,2618,2,34,2,14,3,2,446
1339,1340,5,2618,2,34,2,14,10,2,446
1340,1341,1,5208,3,32,2,14,10,4,447
1341,1342,1,4398,2,32,2,14,11,4,447
1342,1343,0,3858,2,32,2,14,0,4,447
1343,1344,5,5937,3,32,2,14,1,4,447
1344,1345,1,3947,3,32,2,7,10,3,448
1345,1346,1,3298,2,32,2,14,11,3,448
1346,1347,0,3298,2,32,2,14,2,3,448
1347,1348,5,4737,4,32,2,14,3,3,448
1348,1349,1,4585,3,32,2,14,10,3,449
1349,1350,1,2788,2,32,2,7,11,3,449
1350,1351,0,4835,3,32,2,14,0,3,449
1351,1352,0,4048,2,32,2,14,1,3,449
1352,1353,1,3513,3,32,2,14,10,3,450
1353,1354,1,4099,4,32,2,14,10,3,450
1354,1355,0,2238,2,32,2,7,2,3,450
1355,1356,5,2828,2,32,2,14,3,3,450
1356,1357,1,4303,3,32,2,14,10,3,197
1357,1358,1,3488,2,32,2,14,11,3,197
1358,1359,0,4708,3,32,2,14,1,3,197
1359,1360,5,4708,3,32,2,14,2,3,197
1360,1361,1,2228,2,32,2,14,0,3,451
1361,1362,1,2601,3,32,2,14,10,3,451
1362,1363,1,3231,4,32,2,14,11,3,451
1363,1364,0,1898,2,32,2,7,1,3,451
1364,1365,5,2308,2,32,2,14,2,3,451
1365,1366,1,1868,2,40,2,7,10,2,452
1366,1367,1,2688,3,40,2,14,11,2,452
1367,1368,0,2298,2,40,2,14,0,2,452
1368,1369,5,2688,3,40,2,14,1,2,452
1369,1370,1,3298,2,40,2,14,2,3,453
1370,1371,1,4947,4,40,2,14,3,3,453
1371,1372,0,2268,2,40,2,7,10,3,453
1372,1373,5,3298,2,40,2,14,11,3,453
1373,1374,1,5716,4,40,2,14,0,2,454
1374,1375,1,3158,2,40,2,14,1,2,454
1375,1376,0,4317,3,40,2,14,2,2,454
1376,1377,5,2318,2,40,2,7,3,2,454
1377,1378,1,3438,2,40,2,14,10,4,455
1378,1379,1,4872,3,40,2,14,11,4,455
1379,1380,0,3638,2,40,2,14,0,4,455
1380,1381,5,4872,3,40,2,14,1,4,455
1381,1382,1,3657,4,40,2,14,2,2,456
1382,1383,1,2438,2,40,2,14,3,2,456
1383,1384,0,2308,2,40,2,7,10,2,456
1384,1385,5,3047,3,40,2,14,11,2,456
1385,1386,1,3188,2,58,2,14,10,3,457
1386,1387,1,4356,3,58,2,14,11,3,457
1387,1388,0,2308,2,58,2,7,0,3,457
1388,1389,5,5854,4,58,2,14,1,3,457
1389,1390,1,4535,3,58,2,14,2,3,458
1390,1391,1,4120,4,58,2,14,3,3,458
1391,1392,5,3368,2,58,2,14,10,3,458
1392,1393,0,3468,2,58,2,14,11,3,458
1393,1394,1,2138,2,58,2,7,0,3,459
1394,1395,1,3482,3,58,2,14,1,3,459
1395,1396,5,3482,3,58,2,14,2,3,459
1396,1397,0,3624,4,58,2,14,3,3,459
1397,1398,1,3098,2,58,2,14,10,4,460
1398,1399,1,2805,3,58,2,7,11,4,460
1399,1400,0,3098,2,58,2,14,0,4,460
1400,1401,5,3578,2,58,2,14,1,4,460
1401,1402,1,2922,3,58,2,14,2,2,461
1402,1403,1,3297,4,58,2,14,3,2,461
1403,1404,0,1758,2,58,2,7,10,2,461
1404,1405,5,2108,2,58,2,14,11,2,461
1405,1406,1,3548,2,58,2,14,0,4,462
1406,1407,5,4977,3,58,2,14,1,4,462
1407,1408,1,4182,4,58,2,14,2,3,463
1408,1409,1,2664,3,58,2,7,3,3,463
1409,1410,0,2698,2,58,2,14,10,3,463
1410,1411,1,2628,2,40,2,14,10,3,464
1411,1412,1,3510,3,40,2,14,11,3,464
1412,1413,0,3460,3,40,2,14,0,3,464
1413,1414,5,2108,2,40,2,7,1,3,464
1414,1415,1,3597,3,40,2,14,2,3,465
1415,1416,1,2788,2,40,2,14,3,3,465
1416,1417,0,2788,2,40,2,14,10,3,465
1417,1418,5,3597,3,40,2,14,11,3,465
1418,1419,1,6132,4,40,2,7,0,4,466
1419,1420,1,4288,2,40,2,14,1,4,466
1420,1421,0,4088,2,40,2,14,0,4,466
1421,1422,5,5360,3,40,2,14,2,4,466
1422,1423,1,3627,4,40,2,14,3,2,467
1423,1424,1,2558,2,40,2,14,10,2,467
1424,1425,0,6045,5,40,2,7,11,2,467
1425,1426,0,3102,3,40,2,14,0,2,467
1426,1427,1,3328,2,40,2,14,1,3,468
1427,1428,1,3827,3,40,2,14,2,3,468
1428,1429,0,2988,2,40,2,14,3,3,468
1429,1430,5,3436,3,40,2,14,10,3,468
1430,1431,1,3658,2,40,2,14,11,4,469
1431,1432,0,4247,3,40,2,14,0,4,469
1432,1433,5,3658,2,40,2,14,1,4,469
1433,1434,1,2688,4,40,2,14,2,4,470
1434,1435,0,2548,2,40,2,14,3,4,470
1435,1436,1,2278,2,62,2,14,10,5,471
1436,1437,1,2181,3,62,2,7,11,5,471
1437,1438,0,2278,2,62,2,14,0,5,471
1438,1439,5,2378,2,62,2,14,1,5,471
1439,1440,1,2358,2,62,2,14,10,5,472
1440,1441,1,3065,3,62,2,14,11,5,472
1441,1442,5,2418,2,62,2,14,2,5,472
1442,1443,1,1518,2,62,2,14,11,3,473
1443,1444,1,1817,4,62,2,7,10,3,473
1444,1445,0,1578,2,62,2,14,1,3,473
1445,1446,0,1518,2,62,2,14,0,3,473
1446,1447,1,2394,3,62,2,14,11,4,250
1447,1448,1,2038,2,62,2,14,0,4,250
1448,1449,0,2104,3,62,2,7,1,4,250
1449,1450,5,2238,2,62,2,14,2,4,250
1450,1451,1,1498,2,60,2,14,10,3,255
1451,1452,0,1607,3,60,2,7,11,3,255
1452,1453,5,1607,3,60,2,14,0,3,255
1453,1454,5,1895,4,60,2,7,1,3,255
1454,1455,1,1518,2,60,2,14,10,2,474
1455,1456,0,1658,2,60,2,14,2,2,474
1456,1457,5,1745,3,60,2,7,10,2,474
1457,1458,0,1518,2,60,2,14,11,2,474
1458,1459,1,2118,2,60,2,14,10,4,475
1459,1460,0,2078,2,60,2,14,0,4,475
1460,1461,0,3297,3,60,2,21,1,4,475
1461,1462,0,3957,4,60,2,14,2,4,475
1462,1463,1,2373,3,60,2,7,10,3,476
1463,1464,0,2346,4,60,2,14,10,3,476
1464,1465,5,1878,2,60,2,14,11,3,476
1465,1466,5,1765,3,60,2,7,0,3,476
1466,1467,1,1438,2,60,2,14,10,2,477
1467,1468,0,1905,3,60,2,14,1,2,477
1468,1469,5,1438,2,60,2,7,2,2,477
1469,1470,5,1438,2,60,2,14,10,2,477
